config,L,H,kind,color_hex,token_sequence_length,time_per_token_s
"L=1, H=1152",1,1152,Predicted,#1f77b4,36,0.00123779217
"L=1, H=1152",1,1152,Predicted,#1f77b4,38,0.00125011557
"L=1, H=1152",1,1152,Predicted,#1f77b4,64,0.0014490581
"L=1, H=1152",1,1152,Predicted,#1f77b4,104,0.00179335416
"L=1, H=1152",1,1152,Predicted,#1f77b4,554,0.00563292212
"L=1, H=1152",1,1152,Predicted,#1f77b4,754,0.00743091281
"L=1, H=1152",1,1152,Predicted,#1f77b4,1054,0.0100676413
"L=1, H=1152",1,1152,Predicted,#1f77b4,1554,0.0154797977
"L=1, H=1152",1,1152,Predicted,#1f77b4,1854,0.019353036
"L=1, H=1152",1,1152,Predicted,#1f77b4,2054,0.0215505581
"L=1, H=1152",1,1152,Predicted,#1f77b4,2554,0.028398182
"L=1, H=1152",1,1152,Predicted,#1f77b4,3054,0.0354315008
"L=1, H=1152",1,1152,Predicted,#1f77b4,4054,0.0513099973
"L=1, H=1152",1,1152,Measured,#1f77b4,36,0.00215297521
"L=1, H=1152",1,1152,Measured,#1f77b4,38,0.00215016763
"L=1, H=1152",1,1152,Measured,#1f77b4,64,0.00223295693
"L=1, H=1152",1,1152,Measured,#1f77b4,104,0.00233160276
"L=1, H=1152",1,1152,Measured,#1f77b4,554,0.00529076407
"L=1, H=1152",1,1152,Measured,#1f77b4,754,0.00654329503
"L=1, H=1152",1,1152,Measured,#1f77b4,1054,0.0105037971
"L=1, H=1152",1,1152,Measured,#1f77b4,1554,0.0161227577
"L=1, H=1152",1,1152,Measured,#1f77b4,1854,0.0192081189
"L=1, H=1152",1,1152,Measured,#1f77b4,2054,0.0220308043
"L=1, H=1152",1,1152,Measured,#1f77b4,2554,0.0279145007
"L=1, H=1152",1,1152,Measured,#1f77b4,3054,0.0347596563
"L=1, H=1152",1,1152,Measured,#1f77b4,4054,0.0507204509
"L=1, H=2048",1,2048,Predicted,#ff7f0e,36,0.00149222436
"L=1, H=2048",1,2048,Predicted,#ff7f0e,38,0.00152132358
"L=1, H=2048",1,2048,Predicted,#ff7f0e,64,0.00191833287
"L=1, H=2048",1,2048,Predicted,#ff7f0e,104,0.00252538788
"L=1, H=2048",1,2048,Predicted,#ff7f0e,554,0.00962386504
"L=1, H=2048",1,2048,Predicted,#ff7f0e,754,0.0129493
"L=1, H=2048",1,2048,Predicted,#ff7f0e,1054,0.0182262269
"L=1, H=2048",1,2048,Predicted,#ff7f0e,1554,0.0276341558
"L=1, H=2048",1,2048,Predicted,#ff7f0e,1854,0.0336829778
"L=1, H=2048",1,2048,Predicted,#ff7f0e,2054,0.0379201201
"L=1, H=2048",1,2048,Predicted,#ff7f0e,2554,0.0490116515
"L=1, H=2048",1,2048,Predicted,#ff7f0e,3054,0.0609449842
"L=1, H=2048",1,2048,Predicted,#ff7f0e,4054,0.0873370531
"L=1, H=2048",1,2048,Measured,#ff7f0e,36,0.00247255306
"L=1, H=2048",1,2048,Measured,#ff7f0e,38,0.00247048433
"L=1, H=2048",1,2048,Measured,#ff7f0e,64,0.00264802575
"L=1, H=2048",1,2048,Measured,#ff7f0e,104,0.00283956201
"L=1, H=2048",1,2048,Measured,#ff7f0e,554,0.00961997721
"L=1, H=2048",1,2048,Measured,#ff7f0e,754,0.0122866997
"L=1, H=2048",1,2048,Measured,#ff7f0e,1054,0.0193178291
"L=1, H=2048",1,2048,Measured,#ff7f0e,1554,0.0290714942
"L=1, H=2048",1,2048,Measured,#ff7f0e,1854,0.0346394567
"L=1, H=2048",1,2048,Measured,#ff7f0e,2054,0.0391681121
"L=1, H=2048",1,2048,Measured,#ff7f0e,2554,0.049749922
"L=1, H=2048",1,2048,Measured,#ff7f0e,3054,0.0611550003
"L=1, H=2048",1,2048,Measured,#ff7f0e,4054,0.0875393992
"L=1, H=3072",1,3072,Predicted,#98df8a,36,0.00175824451
"L=1, H=3072",1,3072,Predicted,#98df8a,38,0.00180210333
"L=1, H=3072",1,3072,Predicted,#98df8a,64,0.00240179569
"L=1, H=3072",1,3072,Predicted,#98df8a,104,0.00328809009
"L=1, H=3072",1,3072,Predicted,#98df8a,554,0.0134378996
"L=1, H=3072",1,3072,Predicted,#98df8a,754,0.0182480519
"L=1, H=3072",1,3072,Predicted,#98df8a,1054,0.0255128868
"L=1, H=3072",1,3072,Predicted,#98df8a,1554,0.0387136621
"L=1, H=3072",1,3072,Predicted,#98df8a,1854,0.0475600706
"L=1, H=3072",1,3072,Predicted,#98df8a,2054,0.0530948873
"L=1, H=3072",1,3072,Predicted,#98df8a,2554,0.0662945479
"L=1, H=3072",1,3072,Predicted,#98df8a,3054,0.079395436
"L=1, H=3072",1,3072,Predicted,#98df8a,4054,0.114157805
"L=1, H=3072",1,3072,Measured,#98df8a,36,0.00379769965
"L=1, H=3072",1,3072,Measured,#98df8a,38,0.00382151412
"L=1, H=3072",1,3072,Measured,#98df8a,64,0.00394254466
"L=1, H=3072",1,3072,Measured,#98df8a,104,0.00409665548
"L=1, H=3072",1,3072,Measured,#98df8a,554,0.014534094
"L=1, H=3072",1,3072,Measured,#98df8a,754,0.0178269808
"L=1, H=3072",1,3072,Measured,#98df8a,1054,0.0279991201
"L=1, H=3072",1,3072,Measured,#98df8a,1554,0.0409098118
"L=1, H=3072",1,3072,Measured,#98df8a,1854,0.0478420484
"L=1, H=3072",1,3072,Measured,#98df8a,2054,0.053952536
"L=1, H=3072",1,3072,Measured,#98df8a,2554,0.0668291401
"L=1, H=3072",1,3072,Measured,#98df8a,3054,0.0817341147
"L=1, H=3072",1,3072,Measured,#98df8a,4054,0.114906868
"L=16, H=1152",16,1152,Predicted,#9467bd,36,0.00492920253
"L=16, H=1152",16,1152,Predicted,#9467bd,38,0.00494895013
"L=16, H=1152",16,1152,Predicted,#9467bd,64,0.00582548336
"L=16, H=1152",16,1152,Predicted,#9467bd,104,0.0072421748
"L=16, H=1152",16,1152,Predicted,#9467bd,554,0.0271237177
"L=16, H=1152",16,1152,Predicted,#9467bd,754,0.0381488974
"L=16, H=1152",16,1152,Predicted,#9467bd,1054,0.053179035
"L=16, H=1152",16,1152,Predicted,#9467bd,1554,0.0954168587
"L=16, H=1152",16,1152,Predicted,#9467bd,1854,0.130774665
"L=16, H=1152",16,1152,Predicted,#9467bd,2054,0.147648834
"L=16, H=1152",16,1152,Predicted,#9467bd,2554,0.212854139
"L=16, H=1152",16,1152,Predicted,#9467bd,3054,0.281030561
"L=16, H=1152",16,1152,Predicted,#9467bd,4054,0.446373147
"L=16, H=1152",16,1152,Measured,#9467bd,36,0.0170144153
"L=16, H=1152",16,1152,Measured,#9467bd,38,0.0170873677
"L=16, H=1152",16,1152,Measured,#9467bd,64,0.0173851952
"L=16, H=1152",16,1152,Measured,#9467bd,104,0.017454093
"L=16, H=1152",16,1152,Measured,#9467bd,554,0.0210870373
"L=16, H=1152",16,1152,Measured,#9467bd,754,0.0293449978
"L=16, H=1152",16,1152,Measured,#9467bd,1054,0.0597089246
"L=16, H=1152",16,1152,Measured,#9467bd,1554,0.101391489
"L=16, H=1152",16,1152,Measured,#9467bd,1854,0.127139572
"L=16, H=1152",16,1152,Measured,#9467bd,2054,0.14975691
"L=16, H=1152",16,1152,Measured,#9467bd,2554,0.209109117
"L=16, H=1152",16,1152,Measured,#9467bd,3054,0.273404956
"L=16, H=1152",16,1152,Measured,#9467bd,4054,0.434914014
"L=16, H=2048",16,2048,Predicted,#c49c94,36,0.00651614356
"L=16, H=2048",16,2048,Predicted,#c49c94,38,0.00666630578
"L=16, H=2048",16,2048,Predicted,#c49c94,64,0.00891792598
"L=16, H=2048",16,2048,Predicted,#c49c94,104,0.0117787895
"L=16, H=2048",16,2048,Predicted,#c49c94,554,0.0527532046
"L=16, H=2048",16,2048,Predicted,#c49c94,754,0.0744176368
"L=16, H=2048",16,2048,Predicted,#c49c94,1054,0.110991165
"L=16, H=2048",16,2048,Predicted,#c49c94,1554,0.182661711
"L=16, H=2048",16,2048,Predicted,#c49c94,1854,0.232129072
"L=16, H=2048",16,2048,Predicted,#c49c94,2054,0.267837311
"L=16, H=2048",16,2048,Predicted,#c49c94,2554,0.366445496
"L=16, H=2048",16,2048,Predicted,#c49c94,3054,0.478522501
"L=16, H=2048",16,2048,Predicted,#c49c94,4054,0.743082969
"L=16, H=2048",16,2048,Measured,#c49c94,36,0.0160962568
"L=16, H=2048",16,2048,Measured,#c49c94,38,0.0160675883
"L=16, H=2048",16,2048,Measured,#c49c94,64,0.0161971471
"L=16, H=2048",16,2048,Measured,#c49c94,104,0.016575263
"L=16, H=2048",16,2048,Measured,#c49c94,554,0.0519139796
"L=16, H=2048",16,2048,Measured,#c49c94,754,0.0724733074
"L=16, H=2048",16,2048,Measured,#c49c94,1054,0.126193609
"L=16, H=2048",16,2048,Measured,#c49c94,1554,0.202879097
"L=16, H=2048",16,2048,Measured,#c49c94,1854,0.250450237
"L=16, H=2048",16,2048,Measured,#c49c94,2054,0.282962589
"L=16, H=2048",16,2048,Measured,#c49c94,2554,0.390216802
"L=16, H=2048",16,2048,Measured,#c49c94,3054,0.492397666
"L=16, H=2048",16,2048,Measured,#c49c94,4054,0.75452577
"L=16, H=3072",16,3072,Predicted,#7f7f7f,36,0.00793363849
"L=16, H=3072",16,3072,Predicted,#7f7f7f,38,0.0081622417
"L=16, H=3072",16,3072,Predicted,#7f7f7f,64,0.0116065267
"L=16, H=3072",16,3072,Predicted,#7f7f7f,104,0.0157809678
"L=16, H=3072",16,3072,Predicted,#7f7f7f,554,0.0700913573
"L=16, H=3072",16,3072,Predicted,#7f7f7f,754,0.0997400037
"L=16, H=3072",16,3072,Predicted,#7f7f7f,1054,0.144463165
"L=16, H=3072",16,3072,Predicted,#7f7f7f,1554,0.237391093
"L=16, H=3072",16,3072,Predicted,#7f7f7f,1854,0.307962944
"L=16, H=3072",16,3072,Predicted,#7f7f7f,2054,0.348662709
"L=16, H=3072",16,3072,Predicted,#7f7f7f,2554,0.441572803
"L=16, H=3072",16,3072,Predicted,#7f7f7f,3054,0.532902536
"L=16, H=3072",16,3072,Predicted,#7f7f7f,4054,0.85253149
"L=16, H=3072",16,3072,Measured,#7f7f7f,36,0.018443258
"L=16, H=3072",16,3072,Measured,#7f7f7f,38,0.0183160724
"L=16, H=3072",16,3072,Measured,#7f7f7f,64,0.0187426698
"L=16, H=3072",16,3072,Measured,#7f7f7f,104,0.0193331648
"L=16, H=3072",16,3072,Measured,#7f7f7f,554,0.0735008701
"L=16, H=3072",16,3072,Measured,#7f7f7f,754,0.0956981936
"L=16, H=3072",16,3072,Measured,#7f7f7f,1054,0.165520459
"L=16, H=3072",16,3072,Measured,#7f7f7f,1554,0.250172788
"L=16, H=3072",16,3072,Measured,#7f7f7f,1854,0.300084921
"L=16, H=3072",16,3072,Measured,#7f7f7f,2054,0.332903231
"L=16, H=3072",16,3072,Measured,#7f7f7f,2554,0.444163835
"L=16, H=3072",16,3072,Measured,#7f7f7f,3054,0.558627994
"L=16, H=3072",16,3072,Measured,#7f7f7f,4054,0.832460122
"L=28, H=1152",28,1152,Predicted,#dbdb8d,36,0.00788233082
"L=28, H=1152",28,1152,Predicted,#dbdb8d,38,0.00790801778
"L=28, H=1152",28,1152,Predicted,#dbdb8d,64,0.00932662356
"L=28, H=1152",28,1152,Predicted,#dbdb8d,104,0.0116012313
"L=28, H=1152",28,1152,Predicted,#dbdb8d,554,0.0443163542
"L=28, H=1152",28,1152,Predicted,#dbdb8d,754,0.062723285
"L=28, H=1152",28,1152,Predicted,#dbdb8d,1054,0.08766815
"L=28, H=1152",28,1152,Predicted,#dbdb8d,1554,0.159366507
"L=28, H=1152",28,1152,Predicted,#dbdb8d,1854,0.219911968
"L=28, H=1152",28,1152,Predicted,#dbdb8d,2054,0.248527456
"L=28, H=1152",28,1152,Predicted,#dbdb8d,2554,0.360418904
"L=28, H=1152",28,1152,Predicted,#dbdb8d,3054,0.477509809
"L=28, H=1152",28,1152,Predicted,#dbdb8d,4054,0.762423667
"L=28, H=1152",28,1152,Measured,#dbdb8d,36,0.026679397
"L=28, H=1152",28,1152,Measured,#dbdb8d,38,0.0269572861
"L=28, H=1152",28,1152,Measured,#dbdb8d,64,0.0273199092
"L=28, H=1152",28,1152,Measured,#dbdb8d,104,0.0273655869
"L=28, H=1152",28,1152,Measured,#dbdb8d,554,0.0335803052
"L=28, H=1152",28,1152,Measured,#dbdb8d,754,0.0491544313
"L=28, H=1152",28,1152,Measured,#dbdb8d,1054,0.103988312
"L=28, H=1152",28,1152,Measured,#dbdb8d,1554,0.174774727
"L=28, H=1152",28,1152,Measured,#dbdb8d,1854,0.218053816
"L=28, H=1152",28,1152,Measured,#dbdb8d,2054,0.257314327
"L=28, H=1152",28,1152,Measured,#dbdb8d,2554,0.36211371
"L=28, H=1152",28,1152,Measured,#dbdb8d,3054,0.474246793
"L=28, H=1152",28,1152,Measured,#dbdb8d,4054,0.758556246
"L=28, H=3072",28,3072,Predicted,#9edae5,36,0.0128739537
"L=28, H=3072",28,3072,Predicted,#9edae5,38,0.0132503524
"L=28, H=3072",28,3072,Predicted,#9edae5,64,0.0189703115
"L=28, H=3072",28,3072,Predicted,#9edae5,104,0.0257752699
"L=28, H=3072",28,3072,Predicted,#9edae5,554,0.115414124
"L=28, H=3072",28,3072,Predicted,#9edae5,754,0.164933565
"L=28, H=3072",28,3072,Predicted,#9edae5,1054,0.239623387
"L=28, H=3072",28,3072,Predicted,#9edae5,1554,0.396333038
"L=28, H=3072",28,3072,Predicted,#9edae5,1854,0.516285243
"L=28, H=3072",28,3072,Predicted,#9edae5,2054,0.585116967
"L=28, H=3072",28,3072,Predicted,#9edae5,2554,0.741795408
"L=28, H=3072",28,3072,Predicted,#9edae5,3054,0.895708217
"L=28, H=3072",28,3072,Measured,#9edae5,36,0.0293085089
"L=28, H=3072",28,3072,Measured,#9edae5,38,0.0291688488
"L=28, H=3072",28,3072,Measured,#9edae5,64,0.0296173702
"L=28, H=3072",28,3072,Measured,#9edae5,104,0.0307404298
"L=28, H=3072",28,3072,Measured,#9edae5,554,0.123715121
"L=28, H=3072",28,3072,Measured,#9edae5,754,0.161890486
"L=28, H=3072",28,3072,Measured,#9edae5,1054,0.281946512
"L=28, H=3072",28,3072,Measured,#9edae5,1554,0.427249016
"L=28, H=3072",28,3072,Measured,#9edae5,1854,0.513467853
"L=28, H=3072",28,3072,Measured,#9edae5,2054,0.569139045
"L=28, H=3072",28,3072,Measured,#9edae5,2554,0.7626734
"L=28, H=3072",28,3072,Measured,#9edae5,3054,0.961484707
